"Appointment Code","Reference Code","Patient / Account Holder","Recipient Name","Relationship to Recipient","Recipient Birth Date","Patient Birth Date",Gender,"Contact Number",Address,"Barangay Health Center",Service,Date,Time,Status,"Vaccine Type",Temperature,Pulse,"Blood Pressure","Doctor Notes","Created At"
46ZCE456,BK260916150323649,"Mwbebe Mwhebe Mwehhehe","Mwbebe Mwhebe Mwehhehe",Self,2026-09-15,2026-09-15,Female,09810066916,"Purok Tuburan, Barangay Mandalagan, Bacolod City, Ujjs","Mandalagan Barangay Health Station","Flu Vaccination",2026-09-30,"Daily Slot",Pending,,,,,,"2026-09-16 15:03:23"
LT8JT2XR,BK260916194116342,"Mwbebe Mwhebe Mwehhehe","Mwbebe Mwhebe Mwehhehe",Self,,2026-09-15,Female,09810066916,"Purok Tuburan, Barangay Mandalagan, Bacolod City, Ujjs","Mandalagan Barangay Health Station","TB DOTS",2026-09-29,"Daily Slot",Confirmed,,,,,,"2026-09-16 19:41:16"
D4N3AYCL,BK260928081555606,"Evelyn Taboclaon Zacarias","Evelyn Taboclaon Zacarias",Self,1963-12-26,1963-12-26,Female,09426388677,"Purok Pag-isa, Barangay Bata, Bacolod City","Bata Barangay Health Station",Immunization,2026-09-28,"Daily Slot",Completed,Influenza,37,78,120/80,"Patient's vitals are currently normal, proceeded with vaccination.","2026-09-28 08:15:55"
GD9RG9Z5,BK260928081342628,"Leo Taboclaon Zacarias","Leo Taboclaon Zacarias",Self,,2002-11-17,Male,09691080024,"Purok Pag-isa, Barangay Bata, Bacolod City","Bata Barangay Health Station","General Consultation",2026-09-28,"Daily Slot",Completed,,36.4,79,120/80,"Having frequent headaches lately. Upon consultation, it has concluded that patient is anemic.","2026-09-28 08:13:42"
MBZVHVVA,BK260928043608997,"Leo Taboclaon Zacarias","Miko Ciocon Santos",Guardian,2026-03-09,2002-11-17,Male,09691080024,"Purok Pag-isa, Barangay Bata, Bacolod City","Bata Barangay Health Station",Immunization,2026-09-28,"Daily Slot",Completed,"Pentavalent (DTP-HepB-Hib)",36.2,80,65/45,"The infant is healthy, 1st dose of Pentavalent given.","2026-09-28 04:36:08"
UN7XNSFJ,BK260927112825416,"Hermelyn Rivera Acabo","Hermelyn Rivera Acabo",Self,,2009-09-09,Female,09198296412,"Purok Cubay, Barangay Villamonte, Bacolod City, Sitio Sangay . Purisima Manapla Negros Occ","Villamonte Barangay Health Station","Wellness Checkup",2026-09-28,"Daily Slot",Confirmed,,,,,,"2026-09-27 11:28:25"
2TNQKQM9,BK260924231037693,"Airalene Acabo Rivera","Airalene Acabo Rivera",Self,2026-09-11,2026-09-11,Female,09810066916,"Purok Trese, Barangay Mandalagan, Bacolod City, Sitio Sangay . Purisima Manapla Negros Occ","Mandalagan Barangay Health Station",Immunization,2026-09-25,"Daily Slot",Pending,,,,,,"2026-09-24 23:10:37"
B8NL5JZB,BK260918063101861,"Rushane Flor Mendoza Dequito","Brian Sotabento Jorilla",Parent,2004-10-16,2005-04-06,Male,09674306281,"Purok Santol, Barangay Mandalagan, Bacolod City, 8","Mandalagan Barangay Health Station",Immunization,2026-09-25,"Daily Slot",Confirmed,,,,,,"2026-09-18 06:31:01"
7SJVT7QQ,BK260915090053906,"Airalene Acabo Rivera","Airalene Acabo Rivera",Self,,2000-02-02,Female,09810066916,"Purok Tuburan, Barangay Mandalagan, Bacolod City, Sitio Sangay . Purisima Manapla Negros Occ","Mandalagan Barangay Health Station","General Consultation",2026-09-24,"Daily Slot",Confirmed,,,,,,"2026-09-15 09:00:53"
AH3BSATG,BK260923051816334,"Leo Taboclaon Zacarias","Leo Taboclaon Zacarias",Self,,2002-11-17,Male,09691080024,"Purok Pag-isa, Barangay Bata, Bacolod City","Bata Barangay Health Station","TB DOTS",2026-09-23,"Daily Slot",Completed,,37.2,79,120/80,"Negative results on sputum. Prescribed to begin medication, follow up after a week.","2026-09-23 05:18:16"
FW9GGLKS,BK260917074249602,"Mwbebe Mwhebe Mwehhehe","Mm Dd Ss",Guardian,2026-05-16,2026-09-15,Female,09810066916,"Purok Tuburan, Barangay Mandalagan, Bacolod City, Ujjs","Mandalagan Barangay Health Station",Immunization,2026-09-23,"Daily Slot",Confirmed,,,,,,"2026-09-17 07:42:49"
3TJR6JX2,BK260914140426505,"Mwbebe Mwhebe Mwehhehe","Mwbebe Mwhebe Mwehhehe",Self,2026-09-15,2026-09-15,Female,09810066916,"Purok Tuburan, Barangay Mandalagan, Bacolod City, Ujjs","Mandalagan Barangay Health Station","Flu Vaccination",2026-09-23,"Daily Slot",Pending,,,,,,"2026-09-14 14:04:26"
8WPT35LX,BK260911145955106,"sonya ranse","sonya ranse",Self,2010-09-13,2010-09-13,Female,09384521900,"Purok Masinadyahon, Barangay Bata, Bacolod City, 124","Bata Barangay Health Station",Immunization,2026-09-23,"Daily Slot","On Hold",,,,,,"2026-09-11 14:59:55"
ZL4DQCA8,BK260918064726247,"Rushane Flor Mendoza Dequito","Rushane Flor Mendoza Dequito",Self,2005-04-06,2005-04-06,Female,09674306281,"Purok Santol, Barangay Mandalagan, Bacolod City, 8","Mandalagan Barangay Health Station",Immunization,2026-09-18,"Daily Slot",Confirmed,,,,,,"2026-09-18 06:47:26"
G73NCPBM,BK260918063732803,"Rushane Flor Mendoza Dequito","Rushane Flor Mendoza Dequito",Self,2005-04-06,2005-04-06,Female,09674306281,"Purok Santol, Barangay Mandalagan, Bacolod City, 8","Mandalagan Barangay Health Station",Immunization,2026-09-18,"Daily Slot",Serving,Influenza,39.5,"78 bpm",120/60,"Take another shot in the next appointment","2026-09-18 06:37:32"
YKABLLWP,BK260918061824999,"Mekai Villegas Dudot","Ayanna Bandoy Fajardo",Parent,2026-09-16,2000-05-21,Female,09665600834,"Purok Bulak, Barangay Mandalagan, Bacolod City","Mandalagan Barangay Health Station",Immunization,2026-09-18,"Daily Slot",Completed,"Hepatitis B","36.7 C","80 bpm",120/80,"Come back next week for another vaccination.","2026-09-18 06:18:24"
X56EQ23R,BK260917153224387,"Rushane Flor Mendoza Dequito","Rushane Flor Mendoza Dequito",Self,,2005-04-06,Female,09674306281,"Purok Santol, Barangay Mandalagan, Bacolod City, 8","Mandalagan Barangay Health Station","General Consultation",2026-09-17,"Daily Slot",Pending,,,,,,"2026-09-17 15:32:24"
6KZ7TPR6,BK260917092832760,"Leo Taboclaon Zacarias","Miko Ciocon Santos",Guardian,2026-03-09,2002-11-17,Male,09691080024,"Purok Pag-isa, Barangay Bata, Bacolod City","Bata Barangay Health Station",Immunization,2026-09-17,"Daily Slot",Completed,Hepatitis,"36.7 C","80 bpm",120/80,"Ok na buhhi pana","2026-09-17 09:28:32"
XKJVD8U6,BK260917074610301,"Airalene Acabo Rivera","Airalene Acabo Rivera",Self,,2000-02-02,Female,09810066916,"Purok Tuburan, Barangay Mandalagan, Bacolod City, Sitio Sangay . Purisima Manapla Negros Occ","Mandalagan Barangay Health Station","General Consultation",2026-09-17,"Daily Slot",Serving,,39.5,"78 bpm",120/70,,"2026-09-17 07:46:10"
LNGNJRML,BK260917074544866,"Airalene Acabo Rivera","Airalene Acabo Rivera",Self,,2000-02-02,Female,09810066916,"Purok Tuburan, Barangay Mandalagan, Bacolod City, Sitio Sangay . Purisima Manapla Negros Occ","Mandalagan Barangay Health Station","General Consultation",2026-09-17,"Daily Slot",Pending,,,,,,"2026-09-17 07:45:44"
Y5GXHY8B,BK260916020655632,"Evelyn Taboclaon Zacarias","Maria Leonora Teressa",Guardian,2026-02-19,1963-12-26,Female,09426388677,"Purok Pag-isa, Barangay Bata, Bacolod City","Bata Barangay Health Station",Immunization,2026-09-16,"Daily Slot",Confirmed,,,,,,"2026-09-16 02:06:55"
M7CRSYSG,BK260915201119915,"Leo Taboclaon Zacarias","Miko Ciocon Santos",Guardian,2026-03-09,2002-11-17,Male,09691080024,"Purok Pag-isa, Barangay Bata, Bacolod City","Bata Barangay Health Station",Immunization,2026-09-16,"Daily Slot",Completed,Influenza,"36.7 C",120,80/60,"Infant is healthy, and has been vaccinated.","2026-09-15 20:11:19"
A69T73MC,BK260915041007946,"KIngkong gorrila niceone","KIngkong gorrila niceone",Self,,2026-09-15,Male,09108228210,"Purok Accco Housing, Barangay Alijis, Bacolod City, Komplek Villa Idaman Baloi Batam","Alijis Barangay Health Station","Family Planning",2026-09-16,"Daily Slot",Pending,,,,,,"2026-09-15 04:10:07"
26KZUDJX,BK260912033755497,"Emman Henderin Roxas","Emman Henderin Roxas",Self,,2006-02-23,Male,09617728020,"Purok Grandville 1, Barangay Mansilingan, Bacolod City, 123","Mansilingan Barangay Health Station","Pre-Natal Care",2026-09-16,"Daily Slot",Pending,,,,,,"2026-09-12 03:37:55"
JHWG2EB9,BK260912034032268,"Justin N/A Nabunturan","Justin N/A Nabunturan",Self,,2003-10-11,Male,09240351637,"Purok Luhod-Luhod, Barangay Mandalagan, Bacolod City, N/A","Mandalagan Barangay Health Station","Family Planning",2026-09-14,"Daily Slot",Pending,,,,,,"2026-09-12 03:40:32"
PT6KQXHF,BK260912032806563,"Cassandra Mae Gonzales Olasiman","Cassandra Mae Gonzales Olasiman",Self,,2005-12-19,Female,09197298255,"Purok Sunriser, Barangay Bata, Bacolod City, Bday","Bata Barangay Health Station","General Consultation",2026-09-14,"Daily Slot",Pending,,,,,,"2026-09-12 03:28:06"
D6MAZNKW,BK260828090518936,"Leo Taboclaon Zacarias","Leo Taboclaon Zacarias",Self,,2002-11-17,Male,09691080024,"Purok Pag-isa, Barangay Bata, Bacolod City","Bata Barangay Health Station","TB DOTS",2026-09-01,"Daily Slot",Completed,,37.2,75,120/80,"Blah blah skrrt skrrrt. Follow up in a week.","2026-08-28 07:05:18"
4RFT9WC6,BK260827160252393,"Evelyn Taboclaon Zacarias","Evelyn Taboclaon Zacarias",Self,,1963-12-26,Female,09426388677,"Purok Pag-isa, Barangay Bata, Bacolod City","Bata Barangay Health Station","Dental Services",2026-08-28,"Daily Slot",Completed,,"36.7 C","80 bpm",120/80,"Vitals were normal, proceeded with tooth extraction.","2026-08-27 14:02:52"
ZHZS2KQN,BK260827102431721,"Leo Taboclaon Zacarias","Leo Taboclaon Zacarias",Self,,2002-11-17,Male,09691080024,"Purok Pag-isa, Barangay Bata, Bacolod City","Bata Barangay Health Station","General Consultation",2026-08-28,"Daily Slot",Completed,,"36.7 C","80 bpm",120/80,"Patient reports feeling generally well; consulted for routine assessment.","2026-08-27 08:24:31"
